subject,seed,trial,tStart_1,tStart_2,tEnd_1,tEnd_2,exitFlag_1,exitFlag_2,jitter_1,jitter_2,response_1,response_2,rt_1,rt_2,item,pair,name,list,tType,swap,trial_test,item_test,pair_test,tType_test,swap_test,name_test,roboBCFS_1,roboBCFS_2,mm_answer,eyes_1,eyes_2,tStart_cue,tEnd_cue,tStart_noise,tEnd_noise,exitFlag_cue,exitFlag_noise,jitter_cue,jitter_noise,transparency_1,transparency_2,pas_1,pas_2,RoboRT_1,RoboRT_2,meanRoboRT_1,meanRoboRT_2,response_cue,rt_cue,RoboRT_cue,meanRoboRT_cue,response_noise,rt_noise,RoboRT_noise,meanRoboRT_noise
11,945153347,1,343484.199558211,343642.702285679,343489.108230664,343644.910769444,OK,OK,9,4,j,j,4.88743950572098,2.1998848648509,127,138,can opener,1,CFS,match,12,40,88,BINOCULAR,mismatch,cookie cutter,j,j,q,1,0,343904.428872188,343954.390320829,343958.224300954,343966.333194308,OK,OK,8,9,0.5,0.5,3#,2@,3.95485705947195,0.875371782254839,2.34671662001737,2.34671662001737,car,49.9440188529552,2,NaN,q,8.01993944949936,2,NaN
11,945153347,2,343499.517292796,343650.452826523,343503.925931311,343654.761457144,OK,OK,2,3,NO RESPONSE,NO RESPONSE,NaN,NaN,5,49,basket,1,BINOCULAR,match,5,64,107,BINOCULAR,match,watch,z,z,p,1,1,343969.966787798,343974.825107782,343978.767403201,343988.376407776,OK,OK,7,1,1,1,,,0,0,NaN,NaN,clock,4.83697646146175,2,NaN,q,9.55570802063448,2,NaN
11,945153347,3,343507.659521377,343657.236632412,343511.268103199,343661.545259895,OK,OK,10,3,NO RESPONSE,NO RESPONSE,NaN,NaN,170,172,notebook,1,BINOCULAR,mismatch,3,170,172,BINOCULAR,mismatch,notebook,z,z,q,1,1,343992.11000914,344037.637853465,344044.538683857,344051.047469855,OK,OK,5,8,1,1,,,0,0,NaN,NaN,question mark,45.5062478568289,2,NaN,q,6.42090743174776,2,NaN
11,945153347,4,343516.968510121,343665.687217542,343520.377077256,343667.39566734,OK,OK,6,7,j,j,3.36474131146679,1.64583618135657,171,173,binky,1,CFS,match,7,159,162,NOT STUDIED,match,crowbar,j,j,p,1,0,344054.547718267,344113.976524239,344115.993693434,344124.502613462,OK,OK,7,3,0.5,0.5,2@,2@,4.21702829464976,3.65634735141442,2.34671662001737,2.34671662001737,basket,59.4162721233442,2,NaN,p,8.41776566172484,2,NaN
11,945153347,5,343526.810859646,343673.046067316,343530.419448861,343676.954671111,OK,OK,10,7,NO RESPONSE,NO RESPONSE,NaN,NaN,64,107,watch,1,BINOCULAR,match,6,115,118,CFS,mismatch,pot,z,z,q,1,1,344127.286144978,344131.427774167,344134.103296379,344137.811887901,OK,OK,7,4,1,1,,,0,0,NaN,NaN,NO RESPONSE,4.116863641073,2,NaN,p,3.61945727607235,2,NaN
11,945153347,6,343535.728149491,343684.355191604,343539.03670996,343686.26365308,OK,OK,8,10,j,j,3.24404537206283,1.84081926138606,115,118,pot,1,CFS,mismatch,4,171,173,CFS,match,binky,j,j,p,1,0,344140.70375643,344145.99545571,344149.704390158,344153.112961355,OK,OK,9,2,0.5,0.5,2@,3#,2.25889604261877,4.66816663329185,2.34671662001737,2.34671662001737,NO RESPONSE,5.27445422165329,2,NaN,p,3.3775296061649,2,NaN
11,945153347,7,343547.362293884,343692.172405498,343555.571201129,343703.88155392,OK,OK,0,0,f,f,8.12102596182376,11.6865998780704,159,162,crowbar,1,NOT STUDIED,match,9,3,6,CFS,mismatch,balloon,f,f,q,0,0,344156.129839513,344158.954678143,344161.696899546,344167.105606287,OK,OK,5,3,0,0,,,0,0,NaN,NaN,NO RESPONSE,2.80765182769392,2,NaN,p,5.36819532909431,2,NaN
11,945153347,8,343559.629819134,343706.806751835,343576.839355718,343715.91572364,OK,OK,0,0,f,f,17.1802727211034,9.0355910443468,78,98,sweater,1,NOT STUDIED,match,1,127,138,CFS,match,can opener,f,f,p,0,0,344170.672528212,344174.397431412,344176.931295859,344182.239993668,OK,OK,3,8,0,0,,,0,0,NaN,NaN,NO RESPONSE,3.70406677894061,2,NaN,q,5.28497218486154,2,NaN
11,945153347,9,343580.981312162,343719.507640676,343583.089783823,343720.91606624,OK,OK,5,6,j,j,2.08436738845194,1.39038612763397,3,6,balloon,1,CFS,mismatch,8,78,98,NOT STUDIED,match,sweater,j,j,p,1,0,344185.040199576,344188.331755786,344191.023948505,344194.23250124,OK,OK,1,5,0.5,0.5,2@,3#,2.65557183215603,3.79166741323767,2.34671662001737,2.34671662001737,NO RESPONSE,3.27165279490873,2,NaN,p,3.19167690869654,2,NaN
11,945153347,10,343589.056873849,343725.349716723,343610.566707703,343735.658769028,OK,OK,0,0,f,f,21.4793689366197,10.2355307405232,100,124,satellite,1,NOT STUDIED,mismatch,2,5,49,BINOCULAR,match,basket,f,f,p,0,0,344196.090972942,344198.649144916,344201.157997488,344205.966657727,OK,OK,6,7,0,0,,,0,0,NaN,NaN,NO RESPONSE,2.54027462622616,2,NaN,p,4.73700813972391,2,NaN
11,945153347,11,343613.516916701,343776.36993874,343631.226480464,343785.378899039,OK,OK,0,0,f,f,17.6261310787522,8.94047533569392,139,14,bobby pin,1,NOT STUDIED,mismatch,11,139,14,NOT STUDIED,mismatch,bobby pin,f,f,q,0,0,344208.975207502,344215.533634535,344218.38420216,344222.692827674,OK,OK,10,8,0,0,,,0,0,NaN,NaN,NO RESPONSE,6.53510310081765,2,NaN,q,4.29374217329314,2,NaN
11,945153347,12,343635.285094544,343789.062491953,343639.293709087,343793.171118451,OK,OK,6,5,NO RESPONSE,NO RESPONSE,NaN,NaN,40,88,cookie cutter,1,BINOCULAR,mismatch,10,100,124,NOT STUDIED,mismatch,satellite,z,z,q,1,1,344225.95139637,344231.593121717,344234.827015808,344239.935701774,OK,OK,5,9,1,1,,,0,0,NaN,NaN,NO RESPONSE,5.62204077007482,2,NaN,q,5.03404996782774,2,NaN
11,945153347,13,344370.503152079,344505.554221081,344371.91158518,344507.26267464,OK,OK,9,2,j,j,1.39844224066474,1.65190252638422,11,103,bib,2,CFS,mismatch,17,167,126,BINOCULAR,match,nail clippers,j,j,p,1,0,344629.012806617,344635.421205699,344638.405129278,344641.313652054,OK,OK,3,6,0.5,0.5,2@,2@,2.89109073294884,1.942677035994,2.34671662001737,2.34671662001737,nail clipper,6.39404027385172,2,NaN,p,2.87349137075944,2,NaN
11,945153347,14,344377.970337055,344512.638046844,344384.279109549,344524.7472248,OK,OK,0,0,f,f,6.23455773777096,12.0711041272152,36,46,table,2,NOT STUDIED,mismatch,19,61,121,BINOCULAR,mismatch,glass,f,f,q,0,0,344643.913841314,344653.022449787,344671.399081068,344676.007732162,OK,OK,6,10,0,0,,,0,0,NaN,NaN,wine glass,9.09202717314474,2,NaN,q,4.58161769912113,2,NaN
11,945153347,15,344387.170982007,344527.447410201,344391.779638371,344534.956262442,OK,OK,0,0,f,f,4.53756798885297,7.4372055902495,59,79,keys,2,NOT STUDIED,match,24,148,55,BINOCULAR,match,jar,f,f,p,0,0,344679.808002679,344689.750001585,344693.042250188,344696.550829259,OK,OK,9,10,0,0,,,0,0,NaN,NaN,jar,9.93181190872565,2,NaN,p,3.46530214702943,2,NaN
11,945153347,16,344394.313144928,344538.281493523,344404.122160712,344546.690411393,OK,OK,2,8,f,j,9.79465932707535,8.3143780103419,140,144,hammer,2,CFS,match,16,140,144,CFS,match,hammer,j,j,p,1,0,344698.942677413,344764.671890814,344767.680796667,344772.389451878,OK,OK,10,9,0.5,0.5,,3#,2.84375802587245,3.45802775825382,2.34671662001737,2.34671662001737,jar,65.7209461440216,2,NaN,p,4.63049879827304,2,NaN
11,945153347,17,344408.555802002,344553.790913057,344412.564417272,344557.899526437,OK,OK,6,5,NO RESPONSE,NO RESPONSE,NaN,NaN,167,126,nail clippers,2,BINOCULAR,match,18,20,71,CFS,match,briefcase,z,z,p,1,1,344775.106309716,344781.1147286,344784.256948163,344788.865605754,OK,OK,8,4,1,1,,,0,0,NaN,NaN,NO RESPONSE,5.98858942021616,2,NaN,q,4.51744015351869,2,NaN
11,945153347,18,344415.097925037,344562.799871402,344418.806516553,344564.508320438,OK,OK,2,10,j,j,3.6811418911675,1.63501998945139,20,71,briefcase,2,CFS,match,15,59,79,NOT STUDIED,match,keys,j,j,p,1,0,344791.915816441,344796.707480556,344800.191399322,344803.599964028,OK,OK,4,4,0.5,0.5,2@,2@,2.50746617593266,2.49192801875639,2.34671662001737,2.34671662001737,NO RESPONSE,4.77803064254113,2,NaN,p,3.36616374319419,2,NaN
11,945153347,19,344424.356909088,344570.000370552,344428.165497032,344573.708960406,OK,OK,8,9,NO RESPONSE,NO RESPONSE,NaN,NaN,61,121,glass,2,BINOCULAR,mismatch,14,36,46,NOT STUDIED,mismatch,table,z,z,q,1,1,344806.008474065,344809.433331452,344812.108898189,344816.217514141,OK,OK,3,6,1,1,,,0,0,NaN,NaN,NO RESPONSE,3.40465061651776,2,NaN,q,4.02397678181296,2,NaN
11,945153347,20,344431.365722101,344576.52582116,344435.474338638,344580.634441156,OK,OK,5,5,NO RESPONSE,NO RESPONSE,NaN,NaN,51,114,boot,2,BINOCULAR,mismatch,21,111,125,CFS,mismatch,kid toy,z,z,q,1,1,344818.701026996,344823.375992507,344826.109521758,344834.318779816,OK,OK,9,9,1,1,,,0,0,NaN,NaN,NO RESPONSE,4.66332874877844,2,NaN,q,8.11830034211744,2,NaN
11,945153347,21,344438.82458819,344583.59298697,344440.633031387,344586.401508503,OK,OK,9,5,j,j,1.77726200415054,2.77671174879652,111,125,kid toy,2,CFS,mismatch,13,11,103,CFS,mismatch,bib,j,j,q,1,0,344836.302253122,344842.277316373,344846.252947963,344850.761595864,OK,OK,3,7,0.5,0.5,2@,3#,1.82244210321046,2.32637723889309,2.34671662001737,2.34671662001737,NO RESPONSE,5.95703278953442,2,NaN,p,4.48580593871884,2,NaN
11,945153347,22,344445.775062541,344592.260251114,344452.083832164,344599.869111239,OK,OK,0,0,f,f,6.20213934208732,7.53271370340372,26,52,camera,2,NOT STUDIED,mismatch,22,26,52,NOT STUDIED,mismatch,camera,f,f,q,0,0,344853.961818663,344856.236640226,344858.553806791,344863.46247806,OK,OK,4,4,0,0,,,0,0,NaN,NaN,NO RESPONSE,2.26466444937978,2,NaN,q,4.80844901240198,2,NaN
11,945153347,23,344487.244611732,344603.177677404,344494.75346624,344609.786466134,OK,OK,0,0,f,f,7.43421248166123,6.58267206128221,35,38,clock,2,NOT STUDIED,match,23,35,38,NOT STUDIED,match,clock,f,f,p,0,0,344866.712703319,344870.870975074,344873.179833024,344883.488878267,OK,OK,6,10,0,0,,,0,0,NaN,NaN,NO RESPONSE,4.13698105543153,2,NaN,q,10.2132237360929,2,NaN
11,945153347,24,344498.512061213,344619.720490018,344502.320657733,344623.429081218,OK,OK,8,9,NO RESPONSE,NO RESPONSE,NaN,NaN,148,55,jar,2,BINOCULAR,match,20,51,114,BINOCULAR,mismatch,boot,z,z,q,1,1,344885.947384106,344945.826191106,344948.318407012,344951.526963364,OK,OK,9,6,1,1,,,0,0,NaN,NaN,NO RESPONSE,59.8581601391197,2,NaN,q,3.19880348502193,2,NaN
11,945153347,25,344960.594268013,345138.006635833,344966.803034766,345150.615843976,OK,OK,0,0,f,f,6.1381223735516,12.5075184745947,128,143,pfd,3,NOT STUDIED,match,31,76,113,NOT STUDIED,mismatch,thimble,f,f,q,0,0,345275.766204576,345278.807761001,345281.87496403,345289.983853149,OK,OK,7,4,0,0,,,0,0,NaN,NaN,NO RESPONSE,3.02870020485716,2,NaN,q,8.07141848269384,2,NaN
11,945153347,26,344971.478363125,345155.366174118,344979.487255212,345164.575146854,OK,OK,5,3,j,j,7.90931655245367,9.19512911996571,10,12,bench,3,CFS,mismatch,29,117,135,BINOCULAR,mismatch,plane,j,j,q,1,0,345292.817388889,345298.325746638,345301.267975801,345305.876626157,OK,OK,3,9,0.5,0.5,2@,1!,2.66994230942948,5.01458549907069,2.34671662001737,2.34671662001737,airplane,5.49643091362668,2,NaN,q,4.51753342390293,2,NaN
11,945153347,27,344991.421426244,345175.284229439,345003.430595723,345180.292906316,OK,OK,4,8,j,j,11.9488653001608,4.94028744881507,108,109,ribbon,3,CFS,match,25,128,143,NOT STUDIED,match,pfd,j,j,p,1,0,345308.868504969,345339.12856612,345343.062553381,345348.071222275,OK,OK,10,10,0.5,0.5,2@,2@,4.92735620161478,2.27518108772877,2.34671662001737,2.34671662001737,control panel,30.2430153108435,2,NaN,p,4.91256848175544,2,NaN
11,945153347,28,345010.339409132,345185.718281551,345015.448094941,345189.526883504,OK,OK,9,8,j,j,5.0942253730027,3.75371243420523,70,87,TV,3,CFS,match,32,168,17,CFS,mismatch,nail polish,j,j,q,1,0,345351.021439553,345366.480515396,345369.631065609,345378.139985636,OK,OK,9,5,0.5,0.5,2@,2@,4.29994013927401,2.0004663135,2.34671662001737,2.34671662001737,nail polish,15.4485519865411,2,NaN,p,8.4224006535951,2,NaN
11,945153347,29,345020.981818654,345195.02726594,345024.590402293,345198.935868978,OK,OK,10,7,NO RESPONSE,NO RESPONSE,NaN,NaN,117,135,plane,3,BINOCULAR,mismatch,28,70,87,CFS,match,TV,z,z,p,1,1,345380.831845648,345495.831187561,345498.681742657,345502.490337222,OK,OK,2,7,1,1,,,0,0,NaN,NaN,NO RESPONSE,114.974921072077,2,NaN,q,3.71669178950833,2,NaN
11,945153347,30,345026.948904929,345201.544387225,345031.357539376,345205.753005762,OK,OK,2,4,NO RESPONSE,NO RESPONSE,NaN,NaN,57,90,computer drive,3,BINOCULAR,mismatch,33,23,53,NOT STUDIED,match,bucket,z,z,p,1,1,345505.523888752,345506.615629057,345510.007538352,345512.016007405,OK,OK,2,2,1,1,,,0,0,NaN,NaN,NO RESPONSE,1.08227300900035,2,NaN,p,1.99039038119372,2,NaN
11,945153347,31,345035.949527197,345207.603136552,345043.558391087,345220.712380325,OK,OK,0,0,f,f,7.59450955112698,13.0191558527877,76,113,thimble,3,NOT STUDIED,mismatch,30,57,90,BINOCULAR,mismatch,computer drive,f,f,q,0,0,345514.599521373,345521.107954575,345524.041853399,345528.250477973,OK,OK,9,9,0,0,,,0,0,NaN,NaN,control panel,6.48584698006744,2,NaN,q,4.13116345071467,2,NaN
11,945153347,32,345047.275319859,345224.862674054,345051.183923956,345226.971150832,OK,OK,7,7,j,j,3.8363951111678,2.03126666159369,168,17,nail polish,3,CFS,mismatch,26,10,12,CFS,mismatch,bench,j,j,q,1,0,345530.800665276,345543.726220054,345546.101401199,345552.210482498,OK,OK,3,9,0.5,0.5,3#,2@,2.87836621319674,2.27043378296379,2.34671662001737,2.34671662001737,airplane,12.9074029737967,2,NaN,p,6.02231878606835,2,NaN
11,945153347,33,345062.90974436,345231.313119559,345073.818829,345242.522232212,OK,OK,0,0,f,f,10.8565849734005,11.1638935193769,23,53,bucket,3,NOT STUDIED,match,27,108,109,CFS,match,ribbon,f,f,p,0,0,345554.752334452,345563.577594162,345566.294812007,345570.803453431,OK,OK,8,7,0,0,,,0,0,NaN,NaN,NO RESPONSE,8.81065187876811,2,NaN,p,4.43588623165851,2,NaN
11,945153347,34,345076.919050269,345247.355900194,345080.927662842,345251.364512154,OK,OK,6,6,NO RESPONSE,NO RESPONSE,NaN,NaN,174,131,paint tray,3,BINOCULAR,match,34,174,131,BINOCULAR,match,paint tray,z,z,p,1,1,345573.812003666,345579.18703246,345581.587547722,345587.996324026,OK,OK,0,9,1,1,,,0,0,NaN,NaN,NO RESPONSE,5.3661062294268,2,NaN,p,6.31019232812105,2,NaN
11,945153347,35,345083.677852625,345253.956359488,345088.186500958,345258.164979668,OK,OK,1,4,NO RESPONSE,NO RESPONSE,NaN,NaN,153,8,knife,3,BINOCULAR,match,35,153,8,BINOCULAR,match,knife,z,z,p,1,1,345590.979537868,345592.904623645,345595.296834528,345599.80548184,OK,OK,6,8,1,1,,,0,0,NaN,NaN,NO RESPONSE,1.90981207374716,2,NaN,p,4.42423935508123,2,NaN
11,945153347,36,345090.70334304,345260.606819537,345107.812862561,345269.315754688,OK,OK,0,0,f,f,17.0131992310635,8.62073029886233,151,97,key,3,NOT STUDIED,mismatch,36,151,97,NOT STUDIED,mismatch,key,f,f,q,0,0,345602.689018973,345609.347460525,345611.856322925,345615.464912437,OK,OK,9,7,0,0,,,0,0,NaN,NaN,NO RESPONSE,6.64740848192014,2,NaN,p,3.55988692335086,2,NaN
11,945153347,37,345742.47376482,345900.018060235,345746.982412108,345904.126680384,OK,OK,1,5,NO RESPONSE,NO RESPONSE,NaN,NaN,24,27,button,4,BINOCULAR,match,42,63,77,BINOCULAR,match,water bottle,z,z,p,1,1,346018.534631145,346025.609784817,346027.818613621,346029.927089503,OK,OK,4,0,1,1,,,0,0,NaN,NaN,water bottle,7.05052063363837,2,NaN,p,2.08636167441728,2,NaN
11,945153347,38,345781.593159348,345907.218566199,345785.401752553,345911.327181068,OK,OK,8,5,NO RESPONSE,NO RESPONSE,NaN,NaN,72,89,blanket,4,BINOCULAR,mismatch,48,30,69,CFS,match,cane,z,z,p,1,1,346032.243915977,346037.568945372,346040.311143839,346044.619778245,OK,OK,8,3,1,1,,,0,0,NaN,NaN,NO RESPONSE,5.30859056598274,2,NaN,p,4.28109890344786,2,NaN
11,945153347,39,345789.077011334,345913.744014971,345798.686011975,345919.552750043,OK,OK,0,0,f,f,9.5289500017534,5.73519373440649,41,42,cooler,4,NOT STUDIED,match,43,122,32,NOT STUDIED,mismatch,lure,f,f,q,0,0,346046.536580901,346048.828064664,346050.711866277,346056.720613804,OK,OK,4,8,0,0,,,0,0,NaN,NaN,NO RESPONSE,2.2792801335454,2,NaN,q,5.94362645823276,2,NaN
11,945153347,40,345803.261331258,345922.527962143,345805.46981623,345926.736580081,OK,OK,10,5,j,j,2.11221871251473,4.19872154603945,43,44,crayon,4,CFS,mismatch,46,81,96,NOT STUDIED,mismatch,stroller,j,j,q,1,0,346058.712427413,346062.370645307,346064.804515454,346068.013072409,OK,OK,3,5,0.5,0.5,3#,3#,2.71099143580339,2.62301996374712,2.34671662001737,2.34671662001737,NO RESPONSE,3.63870053982828,2,NaN,q,3.17839523969451,2,NaN
11,945153347,41,345810.620180586,345931.836940342,345813.028675877,345933.94541757,OK,OK,2,3,j,j,2.30498095421353,2.00937664031517,50,80,dresser,4,CFS,match,40,43,44,CFS,mismatch,crayon,j,j,q,1,0,346070.054559246,346071.912984474,346074.188503556,346077.697076001,OK,OK,2,4,0.5,0.5,3#,3#,3.16589706645483,2.53732297329065,2.34671662001737,2.34671662001737,NO RESPONSE,1.84800731914584,2,NaN,q,3.4738727734657,2,NaN
11,945153347,42,345817.387314191,345938.162380142,345821.395926759,345942.170993324,OK,OK,6,6,NO RESPONSE,NO RESPONSE,NaN,NaN,63,77,water bottle,4,BINOCULAR,match,39,41,42,NOT STUDIED,match,cooler,z,z,p,1,1,346079.813889891,346083.372095677,346085.897646531,346089.006193193,OK,OK,2,7,1,1,,,0,0,NaN,NaN,NO RESPONSE,3.54404196952237,2,NaN,p,3.02809425164014,2,NaN
11,945153347,43,345823.746090017,345945.096194866,345830.154861799,345953.505110014,OK,OK,0,0,f,f,6.31413276295643,8.33311931905337,122,32,lure,4,NOT STUDIED,mismatch,47,157,33,CFS,mismatch,axe,f,f,q,0,0,346090.997998379,346093.72283787,346096.165030215,346100.473661905,OK,OK,6,3,0,0,,,0,0,NaN,NaN,NO RESPONSE,2.71137324080337,2,NaN,q,4.29595424345462,2,NaN
11,945153347,44,345832.863394714,345955.913616137,345840.672263206,345969.422887648,OK,OK,0,0,f,f,7.7082579137641,13.4027587901801,1,104,teapot,4,NOT STUDIED,match,38,72,89,BINOCULAR,mismatch,blanket,f,f,q,0,0,346102.532139259,346107.557150442,346109.732639914,346113.74125264,OK,OK,9,8,0,0,,,0,0,NaN,NaN,towel,5.00043519376777,2,NaN,p,3.97571659908863,2,NaN
11,945153347,45,345843.39745878,345971.964730862,345848.006107157,345976.573381975,OK,OK,0,0,NO RESPONSE,NO RESPONSE,NaN,NaN,102,110,saddle,4,BINOCULAR,mismatch,37,24,27,BINOCULAR,match,button,z,z,p,1,1,346117.574853603,346119.816335839,346122.033495584,346124.942029963,OK,OK,3,5,1,1,,,0,0,NaN,NaN,NO RESPONSE,2.22904165775981,2,NaN,p,2.82619437819812,2,NaN
11,945153347,46,345858.256826059,345981.19870851,345870.46600602,345987.207454495,OK,OK,0,0,f,f,12.2010173906456,5.90869459178066,81,96,stroller,4,NOT STUDIED,mismatch,45,102,110,BINOCULAR,mismatch,saddle,f,f,q,0,0,346127.183855734,346129.24199799,346131.509153374,346134.717705658,OK,OK,5,1,0,0,,,0,0,NaN,NaN,NO RESPONSE,2.04353050142527,2,NaN,q,3.19000498927198,2,NaN
11,945153347,47,345873.907912003,345990.607694578,345885.017017827,345998.916602313,OK,OK,9,9,f,f,11.0611934681656,8.27496102574514,157,33,axe,4,CFS,mismatch,41,50,80,CFS,match,dresser,j,j,p,1,0,346136.676185823,346143.834673579,346146.310185622,346148.618677725,OK,OK,8,1,0.5,0.5,,,4.56458501759467,3.70028054297424,2.34671662001737,2.34671662001737,dresser,7.14238216623198,2,NaN,p,2.21222205815138,2,NaN
11,945153347,48,345888.583937041,346004.917022468,345894.392671663,346007.325515339,OK,OK,10,10,j,j,5.71266849059612,2.33327568008099,30,69,cane,4,CFS,match,44,1,104,NOT STUDIED,match,teapot,j,j,p,1,0,346150.693822232,346155.785490208,346158.85272461,346161.561239477,OK,OK,1,3,0.5,0.5,2@,2@,3.24717425639112,2.42952922963253,2.34671662001737,2.34671662001737,NO RESPONSE,5.07607914612163,2,NaN,p,2.61295807908755,2,NaN
11,945153347,49,346169.686816676,346452.92316805,346178.195733997,346454.531610727,OK,OK,10,2,j,j,8.41791931580519,1.56613649381325,66,95,wallet,5,CFS,mismatch,50,22,83,CFS,mismatch,broom,j,j,q,1,0,346554.263548172,346558.421812409,346560.922340097,346564.730931054,OK,OK,7,9,0.5,0.5,2@,2@,4.59343677719061,3.11019381234535,2.34671662001737,2.34671662001737,NO RESPONSE,4.13984379090834,2,NaN,p,3.73681402846705,2,NaN
11,945153347,50,346183.779460737,346459.765311865,346189.888219434,346462.273822412,OK,OK,2,6,j,j,6.03651771612931,2.45158100017579,22,83,broom,5,CFS,mismatch,58,68,73,CFS,match,vase,j,j,p,1,0,346567.464461776,346575.723030448,346580.107007738,346583.415569399,OK,OK,10,9,0.5,0.5,2@,2@,3.8704133685982,1.41998910374338,2.34671662001737,2.34671662001737,vase,8.23395797004923,2,NaN,p,3.27110221824842,2,NaN
11,945153347,51,346194.821899352,346466.532450279,346198.530485282,346470.941092708,OK,OK,9,2,NO RESPONSE,NO RESPONSE,NaN,NaN,29,86,candlestick,5,BINOCULAR,match,53,25,85,BINOCULAR,match,calculator,z,z,p,1,1,346585.515718838,346589.6239595,346592.057844729,346596.866501197,OK,OK,6,4,1,1,,,0,0,NaN,NaN,NO RESPONSE,4.08592700661393,2,NaN,p,4.72751417645486,2,NaN
11,945153347,52,346200.847313582,346472.891221014,346210.156296616,346486.900532178,OK,OK,0,0,f,f,9.25566385558341,13.9482817980461,92,94,sock,5,NOT STUDIED,match,54,150,156,BINOCULAR,mismatch,eletric kettle,f,f,q,0,0,346598.724974384,346600.916430045,346602.958597364,346607.867265159,OK,OK,0,8,0,0,,,0,0,NaN,NaN,NO RESPONSE,2.17206145916134,2,NaN,p,4.88214875111589,2,NaN
11,945153347,53,346214.072899402,346489.64239192,346217.981841298,346494.25104437,OK,OK,7,0,NO RESPONSE,NO RESPONSE,NaN,NaN,25,85,calculator,5,BINOCULAR,match,60,37,112,BINOCULAR,mismatch,comb,z,z,q,1,1,346609.925749441,346614.6007391,346617.676286946,346621.384875602,OK,OK,3,0,1,1,,,0,0,NaN,NaN,comb,4.65049486572389,2,NaN,p,3.68373006623005,2,NaN
11,945153347,54,346251.167484212,346496.942896692,346254.776069503,346500.751489441,OK,OK,10,8,NO RESPONSE,NO RESPONSE,NaN,NaN,150,156,eletric kettle,5,BINOCULAR,mismatch,57,145,15,NOT STUDIED,match,router,z,z,p,1,1,346623.593361743,346636.685590089,346638.794422629,346642.503013398,OK,OK,5,10,1,1,,,0,0,NaN,NaN,NO RESPONSE,13.0776621695259,2,NaN,q,3.68441601342056,2,NaN
11,945153347,55,346258.584670067,346503.660030135,346266.593551604,346508.768714885,OK,OK,0,0,f,f,7.93114590272307,5.05018816253869,4,34,bandana,5,NOT STUDIED,mismatch,56,116,136,CFS,match,puzzle piece,f,f,p,0,0,346645.844912997,346647.319649352,346649.420165438,346651.928666212,OK,OK,9,7,0,0,,,0,0,NaN,NaN,NO RESPONSE,1.46552643313771,2,NaN,p,2.49801893450785,2,NaN
11,945153347,56,346366.10047413,346512.060615818,346369.909102933,346513.969077908,OK,OK,7,7,j,j,3.70557148061926,1.89725676045055,116,136,puzzle piece,5,CFS,match,59,137,28,NOT STUDIED,mismatch,flask,j,j,q,1,0,346654.05381856,346656.378643016,346658.387455455,346662.396068507,OK,OK,4,8,0.5,0.5,3#,2@,2.22692036195073,3.58663961918626,2.34671662001737,2.34671662001737,NO RESPONSE,2.31210044439649,2,NaN,q,3.97819460520986,2,NaN
11,945153347,57,346374.001020743,346520.41119638,346381.109845856,346525.91990707,OK,OK,0,0,f,f,7.03633781598182,5.41807596891886,145,15,router,5,NOT STUDIED,match,55,4,34,NOT STUDIED,mismatch,bandana,f,f,q,0,0,346664.546217183,346665.537952197,346667.621433405,346671.630035735,OK,OK,10,4,0,0,,,0,0,NaN,NaN,NO RESPONSE,0.971195551508572,2,NaN,q,3.95973129163031,2,NaN
11,945153347,58,346383.893373457,346529.661839701,346387.101929042,346531.670308754,OK,OK,4,4,j,j,3.12770172400633,1.91112625726964,68,73,vase,5,CFS,match,51,29,86,BINOCULAR,match,candlestick,j,j,p,1,0,346744.818467854,346752.827026012,346754.752498953,346761.061267839,OK,OK,6,6,0.5,0.5,3#,3#,3.84327113469666,3.79249323820426,2.34671662001737,2.34671662001737,vase,7.99004957289435,2,NaN,p,6.23169368051458,2,NaN
11,945153347,59,346391.093873815,346536.637321508,346400.502859605,346543.246111748,OK,OK,0,0,f,f,9.33449921477586,6.50301147019491,137,28,flask,5,NOT STUDIED,mismatch,49,66,95,CFS,mismatch,wallet,f,f,q,0,0,346763.378108456,346765.486202776,346767.53671886,346771.445327187,OK,OK,5,6,0,0,,,0,0,NaN,NaN,NO RESPONSE,2.08574112306815,2,NaN,p,3.84684545121854,2,NaN
11,945153347,60,346446.572734031,346546.25466228,346450.481334822,346550.6632949,OK,OK,7,2,NO RESPONSE,NO RESPONSE,NaN,NaN,37,112,comb,5,BINOCULAR,mismatch,52,92,94,NOT STUDIED,match,sock,z,z,p,1,1,346773.778829419,346775.303567909,346777.554092332,346782.062732261,OK,OK,8,3,1,1,,,0,0,NaN,NaN,NO RESPONSE,1.50844334013527,2,NaN,p,4.45292407559464,2,NaN
11,945153347,61,346860.268183308,347047.089514255,346866.676958721,347054.79838483,OK,OK,0,0,f,f,6.32606791693252,7.68627492885571,18,39,box,6,NOT STUDIED,match,61,18,39,NOT STUDIED,match,box,f,f,p,0,0,347263.504571066,347267.029474043,347269.204965172,347273.013563824,OK,OK,6,4,0,0,,,0,0,NaN,NaN,NO RESPONSE,3.51522308093263,2,NaN,q,3.73453102936037,2,NaN
11,945153347,62,346869.318815855,347058.315299202,346870.627234289,347061.423846152,OK,OK,4,4,j,j,1.21126082265982,3.10004585731076,120,132,piggy bank,6,CFS,mismatch,66,152,158,BINOCULAR,mismatch,key ring,j,j,q,1,0,347274.930366471,347277.838561656,347280.630762699,347283.83931814,OK,OK,4,3,0.5,0.5,2@,3#,3.94148595572969,2.16656976101585,2.34671662001737,2.34671662001737,NO RESPONSE,2.88882996118627,2,NaN,p,3.18812826491194,2,NaN
11,945153347,63,346877.127688253,347066.882566593,346882.536397245,347073.391343551,OK,OK,4,9,f,j,5.30573978985194,6.45213460491505,130,160,mop,6,CFS,match,62,120,132,CFS,mismatch,piggy bank,j,j,q,1,0,347286.772851381,347289.281005231,347292.648264336,347296.156837682,OK,OK,0,9,0.5,0.5,,2@,2.04751131265209,2.31610789801884,2.34671662001737,2.34671662001737,NO RESPONSE,2.48572730540764,2,NaN,p,3.47397901833756,2,NaN
11,945153347,64,346884.936569854,347077.708312937,346896.045667692,347094.617823635,OK,OK,0,0,f,f,11.0160780739971,16.8732175965561,161,163,pen,6,NOT STUDIED,match,63,130,160,CFS,match,mop,f,f,p,0,0,347298.031977745,347299.856733985,347302.623959112,347306.632565505,OK,OK,8,6,0,0,,,0,0,NaN,NaN,NO RESPONSE,1.80196506594075,2,NaN,p,3.96172965015285,2,NaN
11,945153347,65,346898.929212346,347097.851380203,346900.137624727,347099.859854526,OK,OK,2,4,j,j,1.15117434266722,1.94578812009422,119,7,pill,6,CFS,mismatch,72,134,149,NOT STUDIED,mismatch,drum,j,j,q,1,0,347309.391094969,347311.349189197,347313.82474184,347316.933284899,OK,OK,10,4,0.5,0.5,2@,2@,3.14448420846812,1.35311656273613,2.34671662001737,2.34671662001737,NO RESPONSE,1.94623198691988,2,NaN,q,3.04833408159902,2,NaN
11,945153347,66,346903.954558364,347108.943821241,346908.363196101,347112.5524005,OK,OK,2,10,NO RESPONSE,NO RESPONSE,NaN,NaN,152,158,key ring,6,BINOCULAR,mismatch,70,166,129,NOT STUDIED,mismatch,nail,z,z,q,1,1,347319.875159468,347328.083706993,347330.592576929,347342.501737946,OK,OK,8,1,1,1,,,0,0,NaN,NaN,NO RESPONSE,8.19721713644685,2,NaN,NO RESPONSE,NaN,2,NaN
11,945153347,67,346910.788366541,347115.119253011,346915.096997934,347119.327871098,OK,OK,3,4,NO RESPONSE,NO RESPONSE,NaN,NaN,75,101,ticket,6,BINOCULAR,match,69,56,99,CFS,match,clothes pin,z,z,p,1,1,347345.118585942,347348.860178952,347351.202346045,347354.410902263,OK,OK,6,8,1,1,,,0,0,NaN,NaN,NO RESPONSE,3.72065758419922,2,NaN,p,3.18865635152906,2,NaN
11,945153347,68,346917.188810529,347121.161337269,346921.797462221,347125.769998185,OK,OK,0,0,NO RESPONSE,NO RESPONSE,NaN,NaN,142,9,headphones,6,BINOCULAR,match,71,48,65,BINOCULAR,mismatch,door,z,z,q,1,1,347356.51105198,347359.269213924,347363.186514996,347365.394992575,OK,OK,1,0,1,1,,,0,0,NaN,NaN,NO RESPONSE,2.74359274929157,2,NaN,q,2.19591497821966,2,NaN
11,945153347,69,346978.276391278,347173.148283642,346981.284941211,347175.256761187,OK,OK,1,5,j,j,2.98344248300418,2.05275416414952,56,99,clothes pin,6,CFS,match,64,161,163,NOT STUDIED,match,pen,j,j,p,1,0,347367.786823712,347370.811689827,347373.178876781,347378.387571091,OK,OK,0,10,0.5,0.5,2@,2@,1.5145255145014,1.91670729801218,2.34671662001737,2.34671662001737,NO RESPONSE,3.00317365891533,2,NaN,p,5.13073740259279,2,NaN
11,945153347,70,346992.485717313,347179.415387664,346999.994570469,347185.524140501,OK,OK,0,0,f,f,7.41310334537411,6.04095802718075,166,129,nail,6,NOT STUDIED,mismatch,65,119,7,CFS,mismatch,pill,f,f,q,0,0,347380.496055371,347381.954109466,347384.18797924,347388.696616146,OK,OK,6,2,0,0,,,0,0,NaN,NaN,NO RESPONSE,1.44534457224654,2,NaN,q,4.45712758123409,2,NaN
11,945153347,71,347003.578155495,347188.324345058,347007.586764303,347192.632974338,OK,OK,6,3,NO RESPONSE,NO RESPONSE,NaN,NaN,48,65,door,6,BINOCULAR,mismatch,68,142,9,BINOCULAR,match,headphones,z,z,p,1,1,347400.44744612,347402.8222327,347405.181110589,347408.189648022,OK,OK,2,0,1,1,,,0,0,NaN,NaN,NO RESPONSE,2.35677875601687,2,NaN,p,2.93492077762494,2,NaN
11,945153347,72,347033.50523723,347195.158149782,347038.213895316,347208.367393599,OK,OK,0,0,f,f,4.66348405083409,13.1449756211368,134,149,drum,6,NOT STUDIED,mismatch,67,75,101,BINOCULAR,match,ticket,f,f,p,0,0,347410.331468027,347411.973245939,347414.540093041,347416.948593449,OK,OK,1,2,0,0,,,0,0,NaN,NaN,NO RESPONSE,1.62426235090243,2,NaN,q,2.3274074846413,2,NaN
11,945153347,73,347569.359219129,347662.207344776,347574.967935728,347668.716134828,OK,OK,0,0,f,f,5.53145652025705,6.48612258478533,164,54,monitor,7,NOT STUDIED,mismatch,83,175,67,NOT STUDIED,mismatch,pants,f,f,q,0,0,347771.589949989,347774.96481292,347777.373695355,347782.382368911,OK,OK,4,7,0,0,,,0,0,NaN,NaN,NO RESPONSE,3.35348771582358,2,NaN,q,4.97739879100118,2,NaN
11,945153347,74,347578.501519998,347672.691415001,347582.210114039,347676.400000788,OK,OK,9,9,NO RESPONSE,NO RESPONSE,NaN,NaN,169,21,necklace,7,BINOCULAR,mismatch,82,62,123,CFS,mismatch,watering pot,z,z,q,1,1,347784.740867643,347787.949086146,347790.041235827,347792.949771103,OK,OK,7,9,1,1,,,0,0,NaN,NaN,NO RESPONSE,3.19381321076071,2,NaN,q,2.80520460975822,2,NaN
11,945153347,75,347584.593609851,347684.975595211,347588.90224636,347686.084007388,OK,OK,0,10,j,j,4.24831165198702,1.06088014726993,141,155,purse,7,CFS,mismatch,73,164,54,NOT STUDIED,mismatch,monitor,j,j,q,1,0,347795.108258745,347797.033051218,347799.033522338,347803.242148541,OK,OK,4,4,0.5,0.5,2@,2@,4.26587466435292,2.47882594150581,2.34671662001737,2.34671662001737,NO RESPONSE,1.91391032544198,2,NaN,p,4.14842643280281,2,NaN
11,945153347,76,347593.302551504,347690.050950569,347596.111074368,347693.359510123,OK,OK,5,10,j,j,2.73894928616937,3.2970375829027,105,106,rock,7,CFS,match,79,165,45,BINOCULAR,match,mouse trap,j,j,p,1,0,347805.200620115,347810.55897661,347812.742817256,347817.451469453,OK,OK,7,7,0.5,0.5,2@,2@,2.71514135399079,5.79381501048776,2.34671662001737,2.34671662001737,NO RESPONSE,5.34080657165032,2,NaN,p,4.66235167364357,2,NaN
11,945153347,77,347600.136360285,347697.809824319,347604.645006825,347701.418407033,OK,OK,1,10,NO RESPONSE,NO RESPONSE,NaN,NaN,146,147,hinge,7,BINOCULAR,mismatch,77,146,147,BINOCULAR,mismatch,hinge,z,z,q,1,1,347819.634960484,347820.893379652,347823.060197479,347825.768721981,OK,OK,5,4,1,1,,,0,0,NaN,NaN,NO RESPONSE,1.24190541380085,2,NaN,q,2.63244584290078,2,NaN
11,945153347,78,347607.170186935,347708.785587897,347608.178587019,347710.694056464,OK,OK,4,9,j,j,0.918655965826474,1.85754062712658,13,16,binder,7,CFS,match,74,169,21,BINOCULAR,mismatch,necklace,j,j,q,1,0,347827.810528531,347834.202283826,347836.211115751,347840.019710767,OK,OK,2,10,0.5,0.5,2@,2@,3.84754401060051,2.94399921483021,2.34671662001737,2.34671662001737,scarf,6.37758151872549,2,NaN,q,3.72076246346114,2,NaN
11,945153347,79,347612.137196843,347714.452651591,347616.445829741,347718.461260102,OK,OK,3,6,NO RESPONSE,NO RESPONSE,NaN,NaN,165,45,mouse trap,7,BINOCULAR,match,80,58,74,NOT STUDIED,match,cd,z,z,p,1,1,347842.48654874,347844.644679408,347847.461895022,347850.570445317,OK,OK,8,6,1,1,,,0,0,NaN,NaN,NO RESPONSE,2.14897326793289,2,NaN,p,3.07738101226278,2,NaN
11,945153347,80,347618.862662282,347720.903098768,347626.671541023,347727.911914949,OK,OK,0,0,f,f,7.7851348919794,6.97106289264048,58,74,cd,7,NOT STUDIED,match,76,105,106,CFS,match,rock,f,f,p,0,0,347853.920681751,347855.795468026,347858.295986336,347863.204654295,OK,OK,4,2,0,0,,,0,0,NaN,NaN,NO RESPONSE,1.86620902252616,2,NaN,q,4.86657215771265,2,NaN
11,945153347,81,347629.338389056,347730.328754136,347636.447219741,347740.837817674,OK,OK,0,0,f,f,7.02087635966018,10.4886722720112,31,47,cell phone,7,NOT STUDIED,match,75,141,155,CFS,mismatch,purse,f,f,q,0,0,347865.838173397,347891.381276621,347893.590107835,347897.498710733,OK,OK,0,8,0,0,,,0,0,NaN,NaN,NO RESPONSE,25.5307429371169,2,NaN,p,3.87455763400067,2,NaN
11,945153347,82,347639.122405039,347744.346397616,347640.230817677,347746.554880911,OK,OK,1,8,j,j,1.06065784505336,2.10270618810318,62,123,watering pot,7,CFS,mismatch,78,13,16,CFS,match,binder,j,j,p,1,0,347899.440513037,347900.498563063,347902.38238294,347905.490933214,OK,OK,0,6,0.5,0.5,2@,2@,2.94564512942899,3.01826963144601,2.34671662001737,2.34671662001737,NO RESPONSE,1.04789834516123,2,NaN,q,3.0177801779937,2,NaN
11,945153347,83,347643.631058805,347750.03845507,347651.339925006,347761.347574988,OK,OK,0,0,f,f,7.60738706309348,11.2578317127191,175,67,pants,7,NOT STUDIED,mismatch,84,82,91,BINOCULAR,match,lamp,f,f,p,0,0,347907.582748224,347915.574631846,347917.841795983,347920.550312958,OK,OK,0,3,0,0,,,0,0,NaN,NaN,street light,7.97679464891553,2,NaN,p,2.67759384139208,2,NaN
11,945153347,84,347654.623490183,347763.989424581,347658.732102504,347768.198050353,OK,OK,5,4,NO RESPONSE,NO RESPONSE,NaN,NaN,82,91,lamp,7,BINOCULAR,match,81,31,47,NOT STUDIED,match,cell phone,z,z,p,1,1,347922.925479452,347927.650460058,347930.034312834,347934.342941357,OK,OK,7,10,1,1,,,0,0,NaN,NaN,NO RESPONSE,4.71339787443867,2,NaN,p,4.26027002866613,2,NaN
