subject,seed,trial,tStart_1,tStart_2,tEnd_1,tEnd_2,exitFlag_1,exitFlag_2,jitter_1,jitter_2,response_1,response_2,rt_1,rt_2,item,pair,name,list,tType,swap,trial_test,item_test,pair_test,tType_test,swap_test,name_test,mm_answer,eyes_1,eyes_2,tStart_cue,tEnd_cue,tStart_noise,tEnd_noise,exitFlag_cue,exitFlag_noise,jitter_cue,jitter_noise,transparency_1,transparency_2,pas_1,pas_2,RoboRT_1,RoboRT_2,meanRoboRT_1,meanRoboRT_2,response_cue,rt_cue,RoboRT_cue,meanRoboRT_cue,response_noise,rt_noise,RoboRT_noise,meanRoboRT_noise
4,894315130,1,3030346.29361328,3030432.2938433,3030351.00239763,3030435.80253926,OK,SPACE,0,0,NO RESPONSE,space,NaN,3.4436853826046,111,125,rake,1,NOT STUDIED,mismatch,5,3,6,CFS,match,bandana,q,0,0,3030551.4887078,3030558.45605385,3030559.68952244,3030562.89849529,OK,OK,1,0,0,0,,,0,0,NaN,NaN,NO RESPONSE,6.95715998951346,2,NaN,q,3.12427294719964,2,NaN
4,894315130,2,3030353.99439367,3030438.22776899,3030358.70321031,3030442.93658382,OK,OK,5,6,NO RESPONSE,NO RESPONSE,NaN,NaN,31,47,chain,1,BINOCULAR,mismatch,3,57,90,CFS,match,cd,q,1,1,3030565.29033636,3030568.33203898,3030569.55747042,3030571.5660328,OK,OK,5,0,1,1,,,0,0,NaN,NaN,NO RESPONSE,3.02722027897835,2,NaN,q,1.99210410565138,2,NaN
4,894315130,3,3030361.17842463,3030444.82840572,3030365.88724851,3030448.13707216,OK,OK,6,7,NO RESPONSE,Return,NaN,3.23676755558699,57,90,cd,1,CFS,match,8,36,46,NOT STUDIED,match,comb,q,1,0,3030573.35786379,3030576.58286901,3030577.81634243,3030580.52525476,OK,OK,6,3,0.877527328480149,0.877527328480149,,3#,2.61586196210231,0.716143197650399,2.05995856853313,2.05995856853313,NO RESPONSE,3.21548504428938,2,NaN,p,2.6529612923041,2,NaN
4,894315130,4,3030369.7876325,3030452.51251954,3030371.69619613,3030454.2210467,OK,OK,8,6,Return,Return,1.88780241599306,1.61642278404906,43,44,crib,1,CFS,mismatch,10,153,8,BINOCULAR,match,ladle,q,1,0,3030582.74182346,3030585.15870572,3030586.39216134,3030588.90107342,OK,OK,9,3,0.877527328480149,0.877527328480149,3#,3#,3.24468960476479,1.58653886223605,2.05995856853313,2.05995856853313,NO RESPONSE,2.40724376915023,2,NaN,q,2.47684493847191,2,NaN
4,894315130,5,3030378.06314451,3030457.2212912,3030379.47192774,3030458.5297726,OK,OK,0,3,Return,Return,1.35605930909514,1.29159146733582,3,6,bandana,1,CFS,match,1,111,125,NOT STUDIED,mismatch,rake,p,1,0,3030591.69302576,3030593.63461099,3030594.85972548,3030597.76862688,OK,OK,7,7,0.877527328480149,0.877527328480149,3#,3#,1.5549673968824,2.97762574299851,2.05995856853313,2.05995856853313,NO RESPONSE,1.92781103728339,2,NaN,p,2.86509032547474,2,NaN
4,894315130,6,3030383.84736124,3030461.39672054,3030387.05603072,3030464.4053928,SPACE,SPACE,0,0,space,space,3.19551288150251,2.98799255397171,164,54,mouse trap,1,NOT STUDIED,mismatch,7,145,15,BINOCULAR,match,hinge,q,0,0,3030599.64380003,3030601.66035007,3030602.88550078,3030605.1943435,OK,OK,1,2,0,0,,,0,0,NaN,NaN,NO RESPONSE,2.00076278485358,2,NaN,q,2.20706332055852,2,NaN
4,894315130,7,3030389.81462126,3030467.30564096,3030394.52343488,3030472.01447238,OK,OK,10,7,NO RESPONSE,NO RESPONSE,NaN,NaN,145,15,hinge,1,BINOCULAR,match,11,146,147,CFS,mismatch,hole punch,p,1,1,3030607.38625949,3030609.2194348,3030610.44455321,3030613.35349144,OK,OK,3,1,1,1,,,0,0,NaN,NaN,NO RESPONSE,1.81810827599838,2,NaN,q,2.87980902334675,2,NaN
4,894315130,8,3030396.66530832,3030473.88132403,3030401.07405834,3030476.98994645,SPACE,SPACE,0,0,space,space,4.3051981353201,3.01502115558833,36,46,comb,1,NOT STUDIED,match,6,164,54,NOT STUDIED,mismatch,mouse trap,p,0,0,3030615.55374343,3030616.85353808,3030618.08699822,3030620.49588166,OK,OK,0,3,0,0,,,0,0,NaN,NaN,NO RESPONSE,1.29041363298893,2,NaN,q,2.32513739634305,2,NaN
4,894315130,9,3030403.56598934,3030479.56521176,3030408.27480598,3030484.27401391,OK,OK,3,6,NO RESPONSE,NO RESPONSE,NaN,NaN,150,156,key,1,BINOCULAR,mismatch,2,31,47,BINOCULAR,mismatch,chain,p,1,1,3030622.38775186,3030623.51252075,3030624.73771583,3030627.24655245,OK,OK,9,7,1,1,,,0,0,NaN,NaN,NO RESPONSE,1.11214747652411,2,NaN,p,2.49025419447571,2,NaN
4,894315130,10,3030410.41668334,3030486.20753361,3030415.12548459,3030490.91635357,OK,OK,7,6,NO RESPONSE,NO RESPONSE,NaN,NaN,153,8,ladle,1,BINOCULAR,match,12,130,160,NOT STUDIED,match,glove,q,1,1,3030629.41339857,3030630.94659148,3030632.17174309,3030635.28069454,OK,OK,5,7,1,1,,,0,0,NaN,NaN,NO RESPONSE,1.51833173818886,2,NaN,q,3.03996847430244,2,NaN
4,894315130,11,3030417.90909247,3030492.69985641,3030419.61755504,3030495.10843226,OK,OK,1,7,Return,Return,1.61291946750134,2.37193712638691,146,147,hole punch,1,CFS,mismatch,4,43,44,CFS,mismatch,crib,p,1,0,3030636.90585901,3030638.1556404,3030639.38075971,3030641.68959851,OK,OK,1,0,0.877527328480149,0.877527328480149,2@,3#,2.59345777509814,1.329983247804,2.05995856853313,2.05995856853313,NO RESPONSE,1.23361348360777,2,NaN,p,2.29468728089705,2,NaN
4,894315130,12,3030425.4431505,3030498.16706587,3030429.25186478,3030500.67566071,SPACE,SPACE,0,0,space,space,3.75057450355962,2.45653107669204,130,160,glove,1,NOT STUDIED,match,9,150,156,BINOCULAR,mismatch,key,p,0,0,3030643.45646527,3030644.98131253,3030646.21477176,3030648.92371579,OK,OK,10,4,0,0,,,0,0,NaN,NaN,NO RESPONSE,1.51485045719892,2,NaN,q,2.65252149105072,2,NaN
4,894315130,13,3030658.29128146,3030730.23174169,3030661.90000697,3030732.54035228,SPACE,SPACE,0,0,space,space,3.55963048245758,2.21706826845184,41,42,couch,2,NOT STUDIED,match,21,22,83,CFS,match,bucket,q,0,0,3030807.13106828,3030810.99780431,3030812.22292484,3030815.4319155,OK,OK,1,3,0,0,,,0,0,NaN,NaN,NO RESPONSE,3.85133635206148,2,NaN,q,3.12745237443596,2,NaN
4,894315130,14,3030665.70038073,3030734.84056953,3030670.40918077,3030739.54938345,OK,OK,0,1,NO RESPONSE,NO RESPONSE,NaN,NaN,116,136,plane,2,BINOCULAR,match,13,41,42,NOT STUDIED,match,couch,q,1,1,3030818.19051539,3030819.99869992,3030821.23218421,3030823.84109385,OK,OK,1,6,1,1,,,0,0,NaN,NaN,NO RESPONSE,1.7996607767418,2,NaN,q,2.51797675807029,2,NaN
4,894315130,15,3030672.20938216,3030741.30786471,3030676.21809759,3030743.81647766,SPACE,SPACE,0,0,space,space,3.96112182177603,2.46066406043246,66,95,vest,2,NOT STUDIED,mismatch,16,51,114,BINOCULAR,match,deoderant,q,0,0,3030825.515932,3030826.84104555,3030828.07481992,3030830.28331795,OK,OK,10,2,0,0,,,0,0,NaN,NaN,NO RESPONSE,1.31404637824744,2,NaN,p,2.17117138346657,2,NaN
4,894315130,16,3030679.03501384,3030745.84164533,3030683.74382867,3030750.55049578,OK,OK,8,4,NO RESPONSE,NO RESPONSE,NaN,NaN,51,114,deoderant,2,BINOCULAR,match,14,116,136,BINOCULAR,match,plane,q,1,1,3030832.02524978,3030832.70860142,3030833.93341405,3030837.04237878,OK,OK,6,5,1,1,,,0,0,NaN,NaN,NO RESPONSE,0.668569855391979,2,NaN,p,3.01632757904008,2,NaN
4,894315130,17,3030685.79402939,3030752.40062623,3030687.90255824,3030754.00910995,OK,OK,4,5,Return,Return,2.01611507404596,1.50353999156505,190,93,hose,2,CFS,mismatch,18,75,101,BINOCULAR,mismatch,thimble,p,1,0,3030838.82590878,3030840.44239828,3030841.66751457,3030844.07639982,OK,OK,4,3,0.877527328480149,0.877527328480149,3#,3#,1.16181841472751,2.95719694546292,2.05995856853313,2.05995856853313,NO RESPONSE,1.60365496808663,2,NaN,q,2.30604574130848,2,NaN
4,894315130,18,3030691.21958905,3030756.94280352,3030695.92838275,3030761.65156824,OK,OK,0,6,NO RESPONSE,NO RESPONSE,NaN,NaN,75,101,thimble,2,BINOCULAR,mismatch,19,181,184,CFS,mismatch,microscope,p,1,1,3030845.92661328,3030847.92648771,3030849.15995721,3030851.76885025,OK,OK,5,8,1,1,,,0,0,NaN,NaN,NO RESPONSE,1.99074666853994,2,NaN,p,2.50937995873392,2,NaN
4,894315130,19,3030698.17029269,3030763.36841389,3030700.47882269,3030766.17703007,OK,OK,7,10,Return,Return,2.25547193177044,2.78341318899766,181,184,microscope,2,CFS,mismatch,22,168,17,BINOCULAR,mismatch,necklace,p,1,0,3030853.46069726,3030855.16053858,3030856.39400989,3030858.70286348,OK,OK,2,0,0.877527328480149,0.877527328480149,3#,3#,1.9238724879162,2.47395667497901,2.05995856853313,2.05995856853313,NO RESPONSE,1.68844210496172,2,NaN,q,2.29112932924181,2,NaN
4,894315130,20,3030703.28743192,3030769.17698509,3030704.69592808,3030771.08583819,OK,OK,2,7,Return,Return,1.34627048950642,1.86270054802299,141,155,headphones,2,CFS,match,17,190,93,CFS,mismatch,hose,p,1,0,3030860.519416,3030861.72784521,3030862.9616072,3030865.8702312,OK,OK,0,1,0.877527328480149,0.877527328480149,3#,3#,1.48906325674418,4.95631465918743,2.05995856853313,2.05995856853313,NO RESPONSE,1.19754888582975,2,NaN,p,2.85936808120459,2,NaN
4,894315130,21,3030707.89622112,3030773.89443475,3030709.70475037,3030776.30303414,OK,OK,3,9,Return,Return,1.79317967174575,2.33714061649516,22,83,bucket,2,CFS,match,20,141,155,CFS,match,headphones,q,1,0,3030867.48706299,3030869.18692725,3030870.41203721,3030873.02097039,OK,OK,3,7,0.877527328480149,0.877527328480149,3#,3#,3.30818293861932,3.33210002454587,2.05995856853313,2.05995856853313,NO RESPONSE,1.68568195262924,2,NaN,q,2.51269491808489,2,NaN
4,894315130,22,3030713.18007034,3030779.06160898,3030717.88891263,3030783.77043015,OK,OK,0,4,NO RESPONSE,NO RESPONSE,NaN,NaN,168,17,necklace,2,BINOCULAR,mismatch,24,186,188,NOT STUDIED,mismatch,jacket,p,1,1,3030874.61279903,3030876.03761281,3030877.2710494,3030879.67998869,OK,OK,3,7,1,1,,,0,0,NaN,NaN,NO RESPONSE,1.41572344861925,2,NaN,p,2.34143599774688,2,NaN
4,894315130,23,3030719.58903649,3030785.64565462,3030722.79772137,3030789.0542691,SPACE,SPACE,0,0,space,space,3.12405651807785,3.39346564793959,70,87,truck,2,NOT STUDIED,match,23,70,87,NOT STUDIED,match,truck,q,0,0,3030881.3801231,3030883.03828926,3030884.27177385,3030886.68064763,OK,OK,8,5,0,0,,,0,0,NaN,NaN,NO RESPONSE,1.64821765851229,2,NaN,q,2.3645664579235,2,NaN
4,894315130,24,3030725.01456626,3030791.32118945,3030728.02320894,3030795.93000491,SPACE,OK,0,0,space,Return,2.90641080308706,4.54175590211526,186,188,jacket,2,NOT STUDIED,mismatch,15,66,95,NOT STUDIED,mismatch,vest,p,0,0,3030888.37249435,3030889.78064338,3030891.0057482,3030893.51466874,OK,OK,4,10,0,0,,0),0,0,NaN,NaN,NO RESPONSE,1.39166418416426,2,NaN,p,2.46237828861922,2,NaN
4,894315130,25,3030901.01541598,3030968.72212598,3030902.32387655,3030970.43062537,OK,OK,2,6,Return,Return,1.28436146257445,1.64769545150921,134,149,earring,3,CFS,match,26,127,138,CFS,mismatch,pfd,p,1,0,3031037.5039653,3031041.50400787,3031042.72915012,3031045.03801397,OK,OK,5,1,0.877527328480149,0.877527328480149,3#,3#,1.71853617365943,3.61912929345566,2.05995856853313,2.05995856853313,NO RESPONSE,3.99168996233493,2,NaN,p,2.28649375913665,2,NaN
4,894315130,26,3030905.499161,3030973.54760191,3030908.10778116,3030976.05618799,OK,OK,6,2,Return,Return,2.56848234822974,2.45408968254924,127,138,pfd,3,CFS,mismatch,33,23,53,BINOCULAR,mismatch,button,p,1,0,3031046.72154612,3031047.85496101,3031049.07977123,3031051.08864211,OK,OK,9,0,0.877527328480149,0.877527328480149,2@,2@,2.76804732556963,3.18161761370985,2.05995856853313,2.05995856853313,NO RESPONSE,1.11795303178951,2,NaN,p,1.94372115237638,2,NaN
4,894315130,27,3030912.92492984,3030981.39832821,3030916.53359377,3030983.60695031,SPACE,SPACE,0,0,space,space,3.54251536680385,2.17113666981459,180,182,clipboard,3,NOT STUDIED,mismatch,29,56,99,NOT STUDIED,match,computer drive,q,0,0,3031052.68880403,3031053.82191103,3031055.04703004,3031057.35590868,OK,OK,3,3,0,0,,,0,0,NaN,NaN,NO RESPONSE,1.1185289695859,2,NaN,q,2.2243064227514,2,NaN
4,894315130,28,3030918.62546693,3030985.68212038,3030920.43398682,3030987.89068784,OK,OK,5,6,Return,Return,1.7618517652154,2.12723262468353,78,98,glasses,3,CFS,mismatch,28,78,98,CFS,mismatch,glasses,p,1,0,3031059.14777801,3031059.78112695,3031061.00595497,3031063.91490195,OK,OK,6,7,0.877527328480149,0.877527328480149,3#,3#,2.09453356948065,2.85343496558007,2.05995856853313,2.05995856853313,NO RESPONSE,0.61932571278885,2,NaN,p,2.82515656389296,2,NaN
4,894315130,29,3030923.25095469,3030990.56595704,3030925.6595248,3030993.67459124,SPACE,SPACE,0,0,space,space,2.35224991338328,3.05122641753405,56,99,computer drive,3,NOT STUDIED,match,34,178,84,NOT STUDIED,mismatch,athletic tape,p,0,0,3031065.4317374,3031066.38179688,3031067.60692344,3031069.21541773,OK,OK,9,2,0,0,,,0,0,NaN,NaN,NO RESPONSE,0.935219437349588,2,NaN,p,1.50404106872156,2,NaN
4,894315130,30,3030927.61802623,3030995.93313755,3030929.52657899,3030997.24163676,OK,OK,3,0,Return,Return,1.857048031874,1.25193843012676,18,39,necklace,3,CFS,match,32,115,118,NOT STUDIED,match,puzzle piece,q,1,0,3031070.72392684,3031071.39898173,3031072.62377232,3031074.03226788,OK,OK,8,1,0.877527328480149,0.877527328480149,3#,3#,1.77961670073366,2.93901910371938,2.05995856853313,2.05995856853313,NO RESPONSE,0.658913247752935,2,NaN,q,1.39106047572568,2,NaN
4,894315130,31,3030932.16850632,3030999.85021225,3030936.87730967,3031004.55902557,OK,OK,5,9,NO RESPONSE,NO RESPONSE,NaN,NaN,102,110,rug,3,BINOCULAR,match,31,102,110,BINOCULAR,match,rug,q,1,1,3031075.59075464,3031077.00757895,3031078.24103064,3031080.34988247,OK,OK,8,6,1,1,,,0,0,NaN,NaN,NO RESPONSE,1.40790905477479,2,NaN,q,2.04560016281903,2,NaN
4,894315130,32,3030938.58578854,3031007.07594493,3030941.79443206,3031009.68454366,SPACE,SPACE,0,0,space,space,3.15291405236349,2.52478265762329,115,118,puzzle piece,3,NOT STUDIED,match,27,180,182,NOT STUDIED,mismatch,clipboard,p,0,0,3031082.05006247,3031082.78311315,3031084.01659321,3031086.62548715,OK,OK,1,5,0,0,,,0,0,NaN,NaN,NO RESPONSE,0.724409203976393,2,NaN,p,2.56586074689403,2,NaN
4,894315130,33,3030944.11966213,3031011.95139911,3030948.8284999,3031016.66018466,OK,OK,4,7,NO RESPONSE,NO RESPONSE,NaN,NaN,23,53,button,3,BINOCULAR,mismatch,36,108,109,BINOCULAR,mismatch,remote control,p,1,1,3031088.33399922,3031089.7338038,3031090.95894696,3031093.1678202,OK,OK,9,2,1,1,,,0,0,NaN,NaN,NO RESPONSE,1.38427661173046,2,NaN,p,2.12731231376529,2,NaN
4,894315130,34,3030950.82032781,3031018.42705323,3030953.52891564,3031020.83564448,SPACE,SPACE,0,0,space,space,2.63006325950846,2.33338525239378,178,84,athletic tape,3,NOT STUDIED,mismatch,25,134,149,CFS,match,earring,q,0,0,3031095.22634907,3031095.84305891,3031097.0678809,3031099.17671885,OK,OK,8,1,0,0,,,0,0,NaN,NaN,NO RESPONSE,0.603727412875742,2,NaN,q,2.0502016232349,2,NaN
4,894315130,35,3030955.68747557,3031023.07750853,3030960.39630972,3031027.78631914,OK,OK,5,2,NO RESPONSE,NO RESPONSE,NaN,NaN,76,113,tent,3,BINOCULAR,match,30,18,39,CFS,match,necklace,q,1,1,3031100.85191863,3031101.48529564,3031102.71041828,3031105.51904411,OK,OK,6,10,1,1,,,0,0,NaN,NaN,NO RESPONSE,0.618008422665298,2,NaN,p,2.75148157449439,2,NaN
4,894315130,36,3030962.17147565,3031029.72821105,3030966.88026029,3031034.43697457,OK,OK,0,6,NO RESPONSE,NO RESPONSE,NaN,NaN,108,109,remote control,3,BINOCULAR,mismatch,35,76,113,BINOCULAR,match,tent,q,1,1,3031107.11087214,3031108.40265106,3031109.62747064,3031111.43594887,OK,OK,0,3,1,1,,,0,0,NaN,NaN,NO RESPONSE,1.278880701866,2,NaN,q,1.71427234681323,2,NaN
4,894315130,37,3031114.80327035,3031190.40244218,3031119.51210419,3031195.11127391,OK,OK,6,1,NO RESPONSE,NO RESPONSE,NaN,NaN,169,21,notebook,4,BINOCULAR,match,48,20,71,CFS,match,broach,q,1,1,3031258.08420969,3031259.40930483,3031260.6341084,3031264.24309109,OK,OK,10,1,1,1,,,0,0,NaN,NaN,NO RESPONSE,1.30909506883472,2,NaN,q,3.59112078649923,2,NaN
4,894315130,38,3031122.65404887,3031196.85311971,3031124.86260728,3031197.76150644,OK,OK,9,1,Return,Return,2.16732063284144,0.854065413586795,63,77,watch,4,CFS,mismatch,47,183,185,BINOCULAR,mismatch,mailbox,p,1,0,3031267.37678399,3031268.29355412,3031269.51863812,3031271.12716048,OK,OK,0,3,0.877527328480149,0.877527328480149,3#,3#,0.886199494206173,0.973690588372261,2.05995856853313,2.05995856853313,NO RESPONSE,0.904275790788233,2,NaN,p,1.57841636007652,2,NaN
4,894315130,39,3031127.87958233,3031200.45343979,3031129.6880992,3031201.96193864,OK,OK,7,3,Return,Return,1.78962564421818,1.46160463709384,139,14,hammer,4,CFS,match,39,139,14,CFS,match,hammer,q,1,0,3031272.68561132,3031273.47745173,3031274.70250548,3031276.11095002,OK,OK,1,2,0.877527328480149,0.877527328480149,3#,3#,4.20577125937659,1.87106456539536,2.05995856853313,2.05995856853313,NO RESPONSE,0.779282619711012,2,NaN,q,1.33039418235421,2,NaN
4,894315130,40,3031132.21334762,3031204.67888511,3031133.72183892,3031205.68732283,OK,OK,2,1,Return,Return,1.45572241023183,0.948067546356469,151,97,key ring,4,CFS,mismatch,38,63,77,CFS,mismatch,watch,p,1,0,3031277.65278863,3031278.31953197,3031279.54462351,3031281.25315883,OK,OK,1,6,0.877527328480149,0.877527328480149,3#,3#,2.5220083990331,3.19183005948322,2.05995856853313,2.05995856853313,NO RESPONSE,0.652002302464098,2,NaN,p,1.63214816432446,2,NaN
4,894315130,41,3031136.05541705,3031208.13749143,3031140.76421709,3031212.84633614,OK,OK,0,7,NO RESPONSE,NO RESPONSE,NaN,NaN,167,126,nail polish,4,BINOCULAR,mismatch,46,187,2,NOT STUDIED,match,vinyl,q,1,1,3031282.7449564,3031283.80337871,3031285.03655692,3031287.14537163,OK,OK,7,10,1,1,,,0,0,NaN,NaN,NO RESPONSE,1.0476361666806,2,NaN,q,2.06002153456211,2,NaN
4,894315130,42,3031142.60604897,3031214.6131359,3031146.11473406,3031218.52190931,OK,SPACE,0,0,Return,space,3.45468825893477,3.81348900543526,37,112,compass,4,NOT STUDIED,match,40,151,97,CFS,mismatch,key ring,p,0,0,3031288.68723167,3031289.44562208,3031290.67073053,3031293.57937988,OK,OK,1,9,0,0,0),,0,0,NaN,NaN,NO RESPONSE,0.745170413050801,2,NaN,q,2.8496504984796,2,NaN
4,894315130,43,3031152.38200426,3031220.57210792,3031154.99060661,3031223.98079817,SPACE,SPACE,0,0,space,space,2.59043225785717,3.35829785792157,192,133,razor,4,NOT STUDIED,mismatch,37,169,21,BINOCULAR,match,notebook,q,0,0,3031295.14620535,3031296.53767031,3031297.77114072,3031299.07989801,OK,OK,9,0,0,0,,,0,0,NaN,NaN,NO RESPONSE,1.38202055590227,2,NaN,q,1.26104324916378,2,NaN
4,894315130,44,3031158.81600284,3031226.05602559,3031162.5246764,3031230.16472952,SPACE,OK,0,0,space,Return,3.64424646832049,4.05821554223076,25,85,camera,4,NOT STUDIED,mismatch,43,192,133,NOT STUDIED,mismatch,razor,p,0,0,3031300.53007355,3031300.99675296,3031302.22187922,3031303.93039128,OK,OK,6,1,0,0,,1!,0,0,NaN,NaN,NO RESPONSE,0.454010596964508,2,NaN,p,1.65020566806197,2,NaN
4,894315130,45,3031164.66659603,3031234.36513907,3031169.3753849,3031239.07394787,OK,OK,3,10,NO RESPONSE,NO RESPONSE,NaN,NaN,62,123,water bottle,4,BINOCULAR,match,42,37,112,NOT STUDIED,match,compass,q,1,1,3031305.3721931,3031305.87223792,3031307.09709221,3031309.50592403,OK,OK,5,9,1,1,,,0,0,NaN,NaN,NO RESPONSE,0.483750449959189,2,NaN,q,2.39082050230354,2,NaN
4,894315130,46,3031171.3005517,3031240.89082277,3031176.00936502,3031244.09942584,OK,SPACE,0,0,NO RESPONSE,space,NaN,3.11900801118463,187,2,vinyl,4,NOT STUDIED,match,44,25,85,NOT STUDIED,mismatch,camera,p,0,0,3031311.16446238,3031311.71448606,3031312.94762956,3031319.75700912,OK,OK,5,7,0,0,,,0,0,NaN,NaN,NO RESPONSE,0.539278889074922,2,NaN,p,6.77199526317418,2,NaN
4,894315130,47,3031178.15124269,3031246.29965368,3031182.86004967,3031251.00848994,OK,OK,7,10,NO RESPONSE,NO RESPONSE,NaN,NaN,183,185,mailbox,4,BINOCULAR,mismatch,41,167,126,BINOCULAR,mismatch,nail polish,p,1,1,3031321.54047453,3031323.02364482,3031324.24874904,3031326.55762647,OK,OK,6,9,1,1,,,0,0,NaN,NaN,NO RESPONSE,1.4669715994969,2,NaN,p,2.25466960435733,2,NaN
4,894315130,48,3031184.67690344,3031252.87533887,3031187.58551264,3031254.28378281,OK,OK,10,3,Return,Return,2.87861005961895,1.33421474695206,20,71,broach,4,CFS,match,45,62,123,BINOCULAR,match,water bottle,q,1,0,3031328.13281239,3031328.84118319,3031330.07436231,3031332.58322731,OK,OK,2,9,0.877527328480149,0.877527328480149,3#,3#,1.77907413319804,2.24158389933823,2.05995856853313,2.05995856853313,NO RESPONSE,0.698435280006379,2,NaN,q,2.46090131765231,2,NaN
4,894315130,49,3031335.95022701,3031405.94884603,3031339.75897268,3031409.65756124,SPACE,SPACE,0,0,space,space,3.7527925260365,3.6321605402045,119,7,piggy bank,5,NOT STUDIED,match,54,175,67,CFS,mismatch,paper clip,p,0,0,3031476.03084736,3031477.18061609,3031478.4140868,3031482.32314607,OK,OK,3,10,0,0,,,0,0,NaN,NaN,NO RESPONSE,1.14007348939776,2,NaN,q,3.86072491435334,2,NaN
4,894315130,50,3031342.65925012,3031411.79110956,3031344.26774833,3031413.59963639,OK,OK,4,7,Return,Return,1.51562833460048,1.73377633374184,59,79,ethernet cable,5,CFS,mismatch,60,174,131,BINOCULAR,mismatch,pants,p,1,0,3031485.05671472,3031485.69843769,3031486.92325153,3031489.63215118,OK,OK,7,8,0.877527328480149,0.877527328480149,3#,3#,1.85005514949286,2.54569044410529,2.05995856853313,2.05995856853313,NO RESPONSE,0.625964083708823,2,NaN,p,2.69532739231363,2,NaN
4,894315130,51,3031347.29303252,3031416.09150701,3031349.30158011,3031417.90002297,OK,OK,7,4,Return,Return,1.97772197518498,1.74520391877741,29,86,cane,5,CFS,match,50,59,79,CFS,mismatch,ethernet cable,p,1,0,3031491.26566614,3031491.89071893,3031493.12384733,3031495.83274759,OK,OK,5,9,0.877527328480149,0.877527328480149,3#,3#,2.16410646893969,3.46956819902374,2.05995856853313,2.05995856853313,NO RESPONSE,0.616824853233993,2,NaN,p,2.64663594402373,2,NaN
4,894315130,52,3031351.95182985,3031420.45029628,3031356.66066279,3031425.15910719,OK,OK,7,7,NO RESPONSE,NO RESPONSE,NaN,NaN,72,89,toothbrush,5,BINOCULAR,mismatch,57,35,38,NOT STUDIED,match,table,q,1,1,3031497.44127478,3031498.3246662,3031499.55812816,3031501.66671164,OK,OK,1,8,1,1,,,0,0,NaN,NaN,NO RESPONSE,0.873074964154512,2,NaN,q,2.02019281825051,2,NaN
4,894315130,53,3031358.84416068,3031426.9759513,3031363.55296766,3031431.68475737,OK,OK,7,10,NO RESPONSE,NO RESPONSE,NaN,NaN,105,106,bathrobe,5,BINOCULAR,match,49,119,7,NOT STUDIED,match,piggy bank,q,1,1,3031504.35864107,3031505.0586813,3031506.29185257,3031509.30078624,OK,OK,7,7,1,1,,,0,0,NaN,NaN,NO RESPONSE,0.691478453576565,2,NaN,q,2.91020178608596,2,NaN
4,894315130,54,3031365.34483306,3031433.4682587,3031368.75348468,3031435.47680177,OK,OK,9,7,Return,Return,3.39726478140801,1.96790508273989,175,67,paper clip,5,CFS,mismatch,55,166,129,BINOCULAR,match,nail clippers,q,1,0,3031511.88437275,3031512.86747557,3031514.10096047,3031516.40980953,OK,OK,2,4,0.877527328480149,0.877527328480149,3#,3#,2.63665779164011,2.86594285903646,2.05995856853313,2.05995856853313,NO RESPONSE,0.973502057604492,2,NaN,q,2.26087481481954,2,NaN
4,894315130,55,3031371.45379628,3031437.96868417,3031376.1625776,3031442.67751741,OK,OK,9,10,NO RESPONSE,NO RESPONSE,NaN,NaN,166,129,nail clippers,5,BINOCULAR,match,51,29,86,CFS,match,cane,q,1,1,3031517.9933248,3031518.77670358,3031520.0015138,3031521.71034885,OK,OK,3,6,1,1,,,0,0,NaN,NaN,NO RESPONSE,0.768369394354522,2,NaN,q,1.66417546663433,2,NaN
4,894315130,56,3031378.27943219,3031446.01949554,3031381.98816189,3031449.52815286,SPACE,SPACE,0,0,space,space,3.63835488399491,3.49622848676518,152,158,knife,5,NOT STUDIED,mismatch,59,11,103,CFS,match,bike,q,0,0,3031523.19384091,3031524.0855626,3031525.31039334,3031527.41925091,OK,OK,4,5,0,0,,,0,0,NaN,NaN,NO RESPONSE,0.879701864905655,2,NaN,q,2.07518274988979,2,NaN
4,894315130,57,3031384.20501343,3031452.42848251,3031387.41371552,3031455.23712344,SPACE,SPACE,0,0,space,space,3.16861196374521,2.75119270011783,35,38,table,5,NOT STUDIED,match,58,148,55,NOT STUDIED,mismatch,box,p,0,0,3031528.94439972,3031529.58604904,3031530.81956532,3031532.62810876,OK,OK,7,3,0,0,,,0,0,NaN,NaN,NO RESPONSE,0.633027766831219,2,NaN,p,1.78180491086096,2,NaN
4,894315130,58,3031389.51389267,3031457.64566397,3031392.12250016,3031461.55438909,SPACE,SPACE,0,0,space,space,2.57160804513842,3.85380430985242,148,55,box,5,NOT STUDIED,mismatch,53,105,106,BINOCULAR,match,bathrobe,q,0,0,3031534.20326992,3031535.03665261,3031536.26980184,3031538.47868957,OK,OK,5,1,0,0,,,0,0,NaN,NaN,NO RESPONSE,0.82197291078046,2,NaN,p,2.19535108748823,2,NaN
4,894315130,59,3031394.9894161,3031463.69626676,3031396.89794018,3031465.50478182,OK,OK,9,8,Return,Return,1.81596028339118,1.76310053467751,11,103,bike,5,CFS,match,52,72,89,BINOCULAR,mismatch,toothbrush,p,1,0,3031540.20385944,3031540.78722108,3031542.02036638,3031544.229268,OK,OK,1,1,0.877527328480149,0.877527328480149,3#,3#,3.18522018350628,2.7719130948284,2.05995856853313,2.05995856853313,NO RESPONSE,0.573179496452212,2,NaN,p,2.18868132401258,2,NaN
4,894315130,60,3031399.39820445,3031468.89675601,3031404.1070066,3031473.60557053,OK,OK,6,6,NO RESPONSE,NO RESPONSE,NaN,NaN,174,131,pants,5,BINOCULAR,mismatch,56,152,158,NOT STUDIED,mismatch,knife,p,1,1,3031545.93744169,3031547.48759456,3031548.71269848,3031552.22171772,OK,OK,1,9,1,1,,,0,0,NaN,NaN,NO RESPONSE,1.53540097223595,2,NaN,p,3.4641118356958,2,NaN
4,894315130,61,3031555.94707384,3031627.7458523,3031559.35579277,3031629.35437708,OK,OK,4,2,Return,Return,3.34947195183486,1.51668572891504,48,65,dress,6,CFS,mismatch,68,50,80,CFS,mismatch,boot,p,1,0,3031695.90264819,3031696.5523872,3031697.7778301,3031700.28640592,OK,OK,6,4,0.877527328480149,0.877527328480149,1!,3#,2.14910275980609,1.98552580324743,2.05995856853313,2.05995856853313,NO RESPONSE,0.637848071753979,2,NaN,p,2.40258857794106,2,NaN
4,894315130,62,3031567.11484213,3031632.02128493,3031570.12342172,3031635.53001831,SPACE,SPACE,0,0,space,space,2.99734187498689,3.4810811560601,61,121,watering pot,6,NOT STUDIED,mismatch,62,61,121,NOT STUDIED,mismatch,watering pot,p,0,0,3031701.9949038,3031702.63663371,3031703.86976091,3031705.17856741,OK,OK,7,1,0,0,,,0,0,NaN,NaN,NO RESPONSE,0.633429836016148,2,NaN,q,1.22258072393015,2,NaN
4,894315130,63,3031572.19867359,3031637.65516483,3031576.90750382,3031642.3640029,OK,OK,5,0,NO RESPONSE,NO RESPONSE,NaN,NaN,161,163,egg beater,6,BINOCULAR,match,63,161,163,BINOCULAR,match,egg beater,q,1,1,3031706.63700016,3031706.97871779,3031708.20380028,3031710.51241902,OK,OK,10,9,1,1,,,0,0,NaN,NaN,NO RESPONSE,0.32717340067029,2,NaN,q,2.2163078985177,2,NaN
4,894315130,64,3031578.7410166,3031644.38919713,3031580.24948828,3031646.39775439,OK,OK,6,4,Return,Return,1.43499078275636,1.91285025235265,58,74,keys,6,CFS,match,65,140,144,CFS,match,purse,q,1,0,3031711.91256017,3031714.13745098,3031715.36258811,3031717.47145473,OK,OK,9,2,0.877527328480149,0.877527328480149,3#,3#,1.69848587090127,2.21539464691159,2.05995856853313,2.05995856853313,NO RESPONSE,2.21140337595716,2,NaN,p,2.06538517586887,2,NaN
4,894315130,65,3031582.74973324,3031648.8812875,3031584.65827422,3031651.1898821,OK,OK,3,9,Return,Return,1.8261297410354,2.22062169201672,140,144,purse,6,CFS,match,61,48,65,CFS,mismatch,dress,p,1,0,3031718.90491783,3031720.18835804,3031721.42151965,3031723.73043059,OK,OK,0,9,0.877527328480149,0.877527328480149,3#,3#,3.08812261528046,3.69941062929819,2.05995856853313,2.05995856853313,NO RESPONSE,1.27488989103585,2,NaN,q,2.23028041329235,2,NaN
4,894315130,66,3031587.13317703,3031655.2069293,3031588.84199216,3031658.5155734,SPACE,SPACE,0,0,space,space,1.61852610204369,3.23074798472226,128,143,knot,6,NOT STUDIED,mismatch,72,117,135,NOT STUDIED,match,pillow,q,0,0,3031725.15554773,3031726.14697447,3031727.37212609,3031730.38103923,OK,OK,9,0,0,0,,,0,0,NaN,NaN,NO RESPONSE,0.97607536194846,2,NaN,p,2.91140316519886,2,NaN
4,894315130,67,3031590.97553595,3031660.99081579,3031595.68435259,3031665.69965235,OK,OK,9,6,NO RESPONSE,NO RESPONSE,NaN,NaN,81,96,lamp,6,BINOCULAR,match,64,58,74,CFS,match,keys,q,1,1,3031732.23124816,3031732.80629009,3031734.03942242,3031736.44832035,OK,OK,8,8,1,1,,,0,0,NaN,NaN,NO RESPONSE,0.564212926663458,2,NaN,p,2.31598941190168,2,NaN
4,894315130,68,3031597.59288754,3031667.41648442,3031599.30139146,3031669.12498894,OK,OK,5,0,Return,Return,1.6065434073098,1.6608155304566,50,80,boot,6,CFS,mismatch,70,165,45,BINOCULAR,mismatch,nail,p,1,0,3031738.28184491,3031738.80688595,3031740.04001737,3031742.24891144,OK,OK,10,7,0.877527328480149,0.877527328480149,3#,3#,2.84439028482733,2.12139961811227,2.05995856853313,2.05995856853313,NO RESPONSE,0.513417556416243,2,NaN,q,2.11523030977696,2,NaN
4,894315130,69,3031602.1183228,3031671.30017438,3031606.82712978,3031676.00900672,OK,OK,3,0,NO RESPONSE,NO RESPONSE,NaN,NaN,13,16,binoculars,6,BINOCULAR,mismatch,69,13,16,BINOCULAR,mismatch,binoculars,p,1,1,3031743.89073312,3031744.44914592,3031745.6739006,3031748.68288075,OK,OK,6,7,1,1,,,0,0,NaN,NaN,NO RESPONSE,0.54437478678301,2,NaN,p,2.96932862559333,2,NaN
4,894315130,70,3031608.82733957,3031678.06753045,3031613.53609886,3031682.77634075,OK,OK,5,7,NO RESPONSE,NO RESPONSE,NaN,NaN,165,45,nail,6,BINOCULAR,mismatch,71,4,34,NOT STUDIED,match,basket,q,1,1,3031750.24969596,3031750.64974262,3031751.87455767,3031754.08339227,OK,OK,0,4,1,1,,,0,0,NaN,NaN,NO RESPONSE,0.385234394110739,2,NaN,q,2.14433083683252,2,NaN
4,894315130,71,3031615.36964334,3031684.60984659,3031618.57829169,3031687.41844013,SPACE,SPACE,0,0,space,space,3.10919987270609,2.72300497954711,4,34,basket,6,NOT STUDIED,match,67,81,96,BINOCULAR,match,lamp,q,0,0,3031755.71690693,3031756.43363757,3031757.65876926,3031759.66731595,OK,OK,6,5,0,0,,,0,0,NaN,NaN,NO RESPONSE,0.701841097790748,2,NaN,q,1.96789482003078,2,NaN
4,894315130,72,3031621.07019009,3031689.64368985,3031625.57897932,3031693.45242496,SPACE,SPACE,0,0,space,space,4.45648821350187,3.71297648781911,117,135,pillow,6,NOT STUDIED,match,66,128,143,NOT STUDIED,mismatch,knot,p,0,0,3031761.21746219,3031761.85885101,3031763.08398904,3031764.99280139,OK,OK,0,5,0,0,,,0,0,NaN,NaN,NO RESPONSE,0.625065162777901,2,NaN,q,1.83057182328776,2,NaN
4,894315130,73,3031769.50994111,3031835.9748767,3031773.8186824,3031838.08337476,SPACE,SPACE,0,0,space,space,4.27634995849803,2.00149025255814,30,69,cell phone,7,NOT STUDIED,match,77,189,19,BINOCULAR,mismatch,fire hydrant,p,0,0,3031898.4727524,3031899.78922448,3031901.01432387,3031904.12330852,OK,OK,5,9,0,0,,,0,0,NaN,NaN,NO RESPONSE,1.30176424561068,2,NaN,p,3.05616293568164,2,NaN
4,894315130,74,3031776.22727244,3031840.13362197,3031777.63575804,3031841.54208402,OK,OK,2,3,Return,Return,1.3988516270183,1.37063583405688,171,173,paint brush,7,CFS,match,82,176,154,NOT STUDIED,mismatch,paper towel,p,1,0,3031905.65681778,3031906.29017426,3031907.52332199,3031910.43225418,OK,OK,5,10,0.877527328480149,0.877527328480149,3#,3#,3.95874120744858,1.74943566301153,2.05995856853313,2.05995856853313,NO RESPONSE,0.621518077794462,2,NaN,p,2.89890792267397,2,NaN
4,894315130,75,3031779.86928157,3031843.84232239,3031784.57811239,3031848.55109617,OK,OK,9,9,NO RESPONSE,NO RESPONSE,NaN,NaN,100,124,sand castle,7,BINOCULAR,match,79,1,104,CFS,mismatch,backpack,p,1,1,3031911.94074065,3031912.82382569,3031914.05728432,3031916.16614008,OK,OK,4,4,1,1,,,0,0,NaN,NaN,NO RESPONSE,0.873415757436305,2,NaN,q,2.05285280616954,2,NaN
4,894315130,76,3031786.60328308,3031852.16812115,3031788.91187979,3031854.27669226,SPACE,SPACE,0,0,space,space,2.23858984746039,2.05581761477515,5,49,tub,7,NOT STUDIED,match,84,191,60,BINOCULAR,mismatch,ladder,p,0,0,3031917.84132326,3031918.29136236,3031919.51649828,3031921.42499097,OK,OK,1,7,0,0,,,0,0,NaN,NaN,NO RESPONSE,0.43667965522036,2,NaN,q,1.88946925336495,2,NaN
4,894315130,77,3031791.04540667,3031856.35187139,3031795.75421909,3031861.06068622,OK,OK,1,6,NO RESPONSE,NO RESPONSE,NaN,NaN,189,19,fire hydrant,7,BINOCULAR,mismatch,73,30,69,NOT STUDIED,match,cell phone,q,1,1,3031923.14186469,3031923.88322873,3031925.10837883,3031927.51725925,OK,OK,3,7,1,1,,,0,0,NaN,NaN,NO RESPONSE,0.727969570551068,2,NaN,q,2.31340765580535,2,NaN
4,894315130,78,3031797.77105318,3031863.027549,3031802.47988944,3031867.73636262,OK,OK,0,10,NO RESPONSE,NO RESPONSE,NaN,NaN,120,132,mug,7,BINOCULAR,match,80,24,27,CFS,mismatch,calculator,p,1,1,3031928.96741366,3031929.36745278,3031930.6009253,3031933.0094755,OK,OK,9,8,1,1,,,0,0,NaN,NaN,NO RESPONSE,0.39025211147964,2,NaN,p,2.37269115727395,2,NaN
4,894315130,79,3031806.73861143,3031869.43650639,3031808.5471615,3031871.34505492,OK,OK,3,10,Return,Return,1.73464114544913,1.81093079363927,1,104,backpack,7,CFS,mismatch,74,171,173,CFS,match,paint brush,q,1,0,3031934.73432148,3031935.4930554,3031936.71818166,3031938.52672086,OK,OK,3,3,0.877527328480149,0.877527328480149,3#,3#,3.0350295026327,3.67774531737643,2.05995856853313,2.05995856853313,NO RESPONSE,0.743162782862782,2,NaN,q,1.76729056844488,2,NaN
4,894315130,80,3031810.9140622,3031873.50357138,3031812.22252126,3031874.91208022,OK,OK,4,5,Return,Return,1.26307019824162,1.37573324050754,24,27,calculator,7,CFS,mismatch,78,120,132,BINOCULAR,match,mug,q,1,0,3031940.09321369,3031940.5185542,3031941.75203487,3031944.26062005,OK,OK,10,9,0.877527328480149,0.877527328480149,3#,3#,2.76099537919676,2.27006374045012,2.05995856853313,2.05995856853313,NO RESPONSE,0.416123706847429,2,NaN,p,2.42130201030523,2,NaN
4,894315130,81,3031814.58939147,3031877.52896937,3031816.49793577,3031879.23750498,OK,OK,8,0,Return,Return,1.85166326025501,1.64624111913145,40,88,cooler,7,CFS,match,75,100,124,BINOCULAR,match,sand castle,q,1,0,3031945.88573713,3031947.35227074,3031948.58603485,3031949.69449428,OK,OK,0,1,0.877527328480149,0.877527328480149,3#,3#,2.65126381050308,3.59093221756324,2.05995856853313,2.05995856853313,NO RESPONSE,1.45539218187332,2,NaN,q,1.02707055909559,2,NaN
4,894315130,82,3031819.40656611,3031882.06275573,3031821.71513354,3031884.67134782,SPACE,SPACE,0,0,space,space,2.23432978289202,2.56029757997021,176,154,paper towel,7,NOT STUDIED,mismatch,81,40,88,CFS,match,cooler,q,0,0,3031951.11964372,3031951.7613359,3031952.99479242,3031955.50337941,OK,OK,4,8,0,0,,,0,0,NaN,NaN,NO RESPONSE,0.629403407219797,2,NaN,p,2.49019050272182,2,NaN
4,894315130,83,3031823.74032324,3031886.77158444,3031827.3489914,3031889.28013611,SPACE,SPACE,0,0,space,space,3.53240326140076,2.4353614593856,92,94,sled,7,NOT STUDIED,mismatch,83,92,94,NOT STUDIED,mismatch,sled,p,0,0,3031957.10359656,3031957.82829796,3031959.05343116,3031960.56222914,OK,OK,2,0,0,0,,,0,0,NaN,NaN,NO RESPONSE,0.709253723733127,2,NaN,q,1.4313105805777,2,NaN
4,894315130,84,3031829.48256235,3031891.28869729,3031834.19136782,3031895.99749733,OK,OK,7,1,NO RESPONSE,NO RESPONSE,NaN,NaN,191,60,ladder,7,BINOCULAR,mismatch,76,5,49,NOT STUDIED,match,tub,q,1,1,3031962.26239254,3031963.06249794,3031964.2956022,3031967.0045435,OK,OK,4,8,1,1,,,0,0,NaN,NaN,NO RESPONSE,0.790296061430126,2,NaN,p,2.65303283184767,2,NaN
4,894315130,85,3031970.56323371,3032038.8449935,3031973.07181255,3032041.85364946,OK,SPACE,0,0,Return,space,2.46524076908827,2.94139868812636,122,32,helmet,8,NOT STUDIED,match,95,137,28,NOT STUDIED,match,fork,q,0,0,3032105.96832345,3032107.23479886,3032108.46826927,3032110.37710366,OK,OK,6,0,0,0,3#,,0,0,NaN,NaN,NO RESPONSE,1.25611216435209,2,NaN,p,1.87620066152886,2,NaN
4,894315130,86,3031977.43054568,3032043.95381817,3031980.73921152,3032046.26240733,OK,OK,9,4,Return,Return,3.23765862779692,2.28849927568808,159,162,maskera,8,CFS,match,88,10,12,NOT STUDIED,mismatch,bench,p,1,0,3032112.43564218,3032113.46072715,3032114.68582896,3032117.99456784,OK,OK,4,6,0.877527328480149,0.877527328480149,3#,3#,1.50188766642317,1.75025019457414,2.05995856853313,2.05995856853313,NO RESPONSE,1.01262986892834,2,NaN,p,3.28238854557276,2,NaN
4,894315130,87,3031983.38113884,3032048.88767292,3031985.88973911,3032050.79616259,SPACE,SPACE,0,0,space,space,2.46296448912472,1.80252476641908,64,107,wardrobe,8,NOT STUDIED,mismatch,90,26,52,BINOCULAR,mismatch,brush,p,0,0,3032119.5280128,3032121.06950699,3032122.2946091,3032125.10354796,OK,OK,7,6,0,0,,,0,0,NaN,NaN,NO RESPONSE,1.52803634060547,2,NaN,p,2.76936400309205,2,NaN
4,894315130,88,3031987.93165786,3032052.87139454,3031992.4403994,3032056.68012844,SPACE,OK,0,0,space,Return,4.45625065453351,3.70656179031357,10,12,bench,8,NOT STUDIED,mismatch,85,122,32,NOT STUDIED,match,helmet,q,0,0,3032126.67870732,3032127.40376219,3032128.62887788,3032131.63754229,OK,OK,3,3,0,0,,3#,0,0,NaN,NaN,NO RESPONSE,0.713144620414823,2,NaN,p,2.90695595135912,2,NaN
4,894315130,89,3031994.348893,3032060.90552547,3031996.45746713,3032063.21405818,OK,OK,3,8,Return,Return,2.05491537367925,2.28028492582962,82,91,straw,8,CFS,match,96,157,33,CFS,mismatch,lighter,p,1,0,3032133.27937725,3032133.57104267,3032134.80452183,3032138.31321024,OK,OK,0,10,0.877527328480149,0.877527328480149,3#,3#,0.956559698747263,3.24860247834008,2.05995856853313,2.05995856853313,NO RESPONSE,0.280280095990747,2,NaN,p,3.45911072054878,2,NaN
4,894315130,90,3031998.89934712,3032066.38942111,3032003.60814655,3032071.0982136,OK,OK,3,4,NO RESPONSE,NO RESPONSE,NaN,NaN,26,52,brush,8,BINOCULAR,mismatch,91,142,9,BINOCULAR,match,high heel,q,1,1,3032139.85502742,3032141.67988243,3032142.90498545,3032144.91386146,OK,OK,1,3,1,1,,,0,0,NaN,NaN,NO RESPONSE,1.80843114154413,2,NaN,q,1.93443431518972,2,NaN
4,894315130,91,3032005.3500174,3032072.94836155,3032010.05880023,3032077.65718966,OK,OK,9,2,NO RESPONSE,NO RESPONSE,NaN,NaN,142,9,high heel,8,BINOCULAR,match,92,170,172,CFS,mismatch,binky,p,1,1,3032146.5723165,3032146.99738896,3032148.22221246,3032151.33115697,OK,OK,0,6,1,1,,,0,0,NaN,NaN,NO RESPONSE,0.410988266579807,2,NaN,p,3.09695758437738,2,NaN
4,894315130,92,3032011.83399303,3032079.8240394,3032013.54249575,3032080.93251754,OK,OK,3,3,Return,Return,1.66528477985412,1.06527801789343,170,172,binky,8,CFS,mismatch,86,159,162,CFS,match,maskera,q,1,0,3032153.03963704,3032153.71468136,3032154.94819553,3032157.15674367,OK,OK,5,2,0.877527328480149,0.877527328480149,3#,3#,1.62733942431341,2.42134202178778,2.05995856853313,2.05995856853313,NO RESPONSE,0.663443168625236,2,NaN,q,2.18688167119399,2,NaN
4,894315130,93,3032015.94273258,3032083.36605943,3032020.65153383,3032088.07489056,OK,OK,0,9,NO RESPONSE,NO RESPONSE,NaN,NaN,68,73,umbrella,8,BINOCULAR,mismatch,94,177,179,BINOCULAR,match,bottle cap,q,1,1,3032158.99860453,3032160.39872938,3032161.6238182,3032163.63237516,OK,OK,0,1,1,1,,,0,0,NaN,NaN,NO RESPONSE,1.3842394836247,2,NaN,q,1.95898771472275,2,NaN
4,894315130,94,3032022.01831046,3032090.06672088,3032026.72713947,3032094.77552544,OK,OK,8,2,NO RESPONSE,NO RESPONSE,NaN,NaN,177,179,bottle cap,8,BINOCULAR,match,89,82,91,CFS,match,straw,q,1,1,3032165.40756011,3032166.05761002,3032167.29073662,3032168.89954242,OK,OK,3,7,1,1,,,0,0,NaN,NaN,NO RESPONSE,0.639099859632552,2,NaN,q,1.57199321081862,2,NaN
4,894315130,95,3032028.58564093,3032096.49238709,3032030.49419731,3032098.70094701,SPACE,SPACE,0,0,space,space,1.85711685428396,2.11637524189428,137,28,fork,8,NOT STUDIED,match,87,64,107,NOT STUDIED,mismatch,wardrobe,p,0,0,3032170.43305831,3032170.96642841,3032172.19125825,3032174.00008301,OK,OK,1,0,0,0,,,0,0,NaN,NaN,NO RESPONSE,0.517537560779601,2,NaN,p,1.79924934962764,2,NaN
4,894315130,96,3032033.00274838,3032100.69279454,3032035.51136465,3032103.00135713,OK,OK,10,8,Return,Return,2.46390748023987,2.25977848144248,157,33,lighter,8,CFS,mismatch,93,68,73,BINOCULAR,mismatch,umbrella,p,1,0,3032175.55026879,3032176.15859464,3032177.39177345,3032180.3006329,OK,OK,2,9,0.877527328480149,0.877527328480149,3#,3#,1.03160006129805,3.36022634233256,2.05995856853313,2.05995856853313,NO RESPONSE,0.600165234412998,2,NaN,p,2.83060925314203,2,NaN
